Ticker,Collection
A,S&P500
AADI,Russell2000
AAL,S&P500
AAN,Russell2000
AAON,Russell2000
AAP,S&P500
AAPL,S&P500
AAPL,Nasdaq100
AAT,Russell2000
ABBV,S&P500
ABC,S&P500
ABCB,Russell2000
ABG,Russell2000
ABM,Russell2000
ABNB,Nasdaq100
ABR,Russell2000
ABT,S&P500
ABUS,Russell2000
ACA,Russell2000
ACAD,Russell2000
ACCD,Russell2000
ACCO,Russell2000
ACDC,Russell2000
ACEL,Russell2000
ACET,Russell2000
ACGL,S&P500
ACHR,Russell2000
ACIW,Russell2000
ACLS,Russell2000
ACLX,Russell2000
ACMR,Russell2000
ACN,S&P500
ACNB,Russell2000
ACRE,Russell2000
ACRS,Russell2000
ACRV,Russell2000
ACT,Russell2000
ACTG,Russell2000
ACVA,Russell2000
ADBE,Nasdaq100
ADBE,S&P500
ADEA,Russell2000
ADI,Nasdaq100
ADI,S&P500
ADM,S&P500
ADMA,Russell2000
ADNT,Russell2000
ADP,S&P500
ADP,Nasdaq100
ADPT,Russell2000
ADRO,Russell2000
ADSK,Nasdaq100
ADSK,S&P500
ADTN,Russell2000
ADUS,Russell2000
ADV,Russell2000
AEE,S&P500
AEHR,Russell2000
AEIS,Russell2000
AEL,Russell2000
AEO,Russell2000
AEP,S&P500
AEP,Nasdaq100
AES,S&P500
AESI,Russell2000
AEVA,Russell2000
AFCG,Russell2000
AFL,S&P500
AFRI,Russell2000
AGEN,Russell2000
AGIO,Russell2000
AGM,Russell2000
AGS,Russell2000
AGTI,Russell2000
AGX,Russell2000
AGYS,Russell2000
AHCO,Russell2000
AHH,Russell2000
AI,Russell2000
AIG,S&P500
AIN,Russell2000
AIR,Russell2000
AIRS,Russell2000
AIT,Russell2000
AIV,Russell2000
AIZ,S&P500
AJG,S&P500
AJRD,Russell2000
AKAM,S&P500
AKR,Russell2000
AKRO,Russell2000
AKTS,Russell2000
AKYA,Russell2000
ALB,S&P500
ALCO,Russell2000
ALDX,Russell2000
ALE,Russell2000
ALEC,Russell2000
ALEX,Russell2000
ALG,Russell2000
ALGN,S&P500
ALGN,Nasdaq100
ALGT,Russell2000
ALHC,Russell2000
ALIT,Russell2000
ALK,S&P500
ALKS,Russell2000
ALKT,Russell2000
ALL,S&P500
ALLE,S&P500
ALLK,Russell2000
ALLO,Russell2000
ALPN,Russell2000
ALRM,Russell2000
ALRS,Russell2000
ALT,Russell2000
ALTG,Russell2000
ALTI,Russell2000
ALTR,Russell2000
ALVR,Russell2000
ALX,Russell2000
ALXO,Russell2000
AMAL,Russell2000
AMAT,S&P500
AMAT,Nasdaq100
AMBA,Russell2000
AMBC,Russell2000
AMCR,S&P500
AMCX,Russell2000
AMD,Nasdaq100
AMD,S&P500
AME,S&P500
AMEH,Russell2000
AMGN,Nasdaq100
AMGN,S&P500
AMK,Russell2000
AMKR,Russell2000
AMLX,Russell2000
AMN,Russell2000
AMNB,Russell2000
AMOT,Russell2000
AMP,S&P500
AMPH,Russell2000
AMPL,Russell2000
AMPS,Russell2000
AMPX,Russell2000
AMPY,Russell2000
AMR,Russell2000
AMRC,Russell2000
AMRK,Russell2000
AMRS,Russell2000
AMRX,Russell2000
AMSF,Russell2000
AMSWA,Russell2000
AMT,S&P500
AMTB,Russell2000
AMWD,Russell2000
AMWL,Russell2000
AMZN,S&P500
AMZN,Nasdaq100
ANAB,Russell2000
ANDE,Russell2000
ANET,S&P500
ANF,Russell2000
ANGO,Russell2000
ANIK,Russell2000
ANIP,Russell2000
ANNX,Russell2000
ANSS,Nasdaq100
ANSS,S&P500
AOMR,Russell2000
AON,S&P500
AORT,Russell2000
AOS,S&P500
AOSL,Russell2000
APA,S&P500
APAM,Russell2000
APD,S&P500
APG,Russell2000
APH,S&P500
APLD,Russell2000
APLE,Russell2000
APOG,Russell2000
APPF,Russell2000
APPN,Russell2000
APPS,Russell2000
APTV,S&P500
ARAY,Russell2000
ARCB,Russell2000
ARCH,Russell2000
ARCT,Russell2000
ARDX,Russell2000
ARE,S&P500
ARGO,Russell2000
ARI,Russell2000
ARIS,Russell2000
ARKO,Russell2000
ARL,Russell2000
ARLO,Russell2000
ARNC,Russell2000
AROC,Russell2000
AROW,Russell2000
ARQT,Russell2000
ARR,Russell2000
ARRY,Russell2000
ARTNA,Russell2000
ARVN,Russell2000
ARWR,Russell2000
ASAN,Russell2000
ASB,Russell2000
ASC,Russell2000
ASGN,Russell2000
ASIX,Russell2000
ASLE,Russell2000
ASML,Nasdaq100
ASO,Russell2000
ASPN,Russell2000
ASRT,Russell2000
ASTE,Russell2000
ASTS,Russell2000
ASUR,Russell2000
ATEC,Russell2000
ATEN,Russell2000
ATEX,Russell2000
ATGE,Russell2000
ATI,Russell2000
ATKR,Russell2000
ATLC,Russell2000
ATLO,Russell2000
ATNI,Russell2000
ATNM,Russell2000
ATO,S&P500
ATOM,Russell2000
ATRA,Russell2000
ATRC,Russell2000
ATRI,Russell2000
ATRO,Russell2000
ATSG,Russell2000
ATVI,S&P500
ATXS,Russell2000
AUB,Russell2000
AUPH,Russell2000
AUR,Russell2000
AURA,Russell2000
AVA,Russell2000
AVAH,Russell2000
AVAV,Russell2000
AVB,S&P500
AVD,Russell2000
AVDX,Russell2000
AVGO,Nasdaq100
AVGO,S&P500
AVID,Russell2000
AVIR,Russell2000
AVNS,Russell2000
AVNT,Russell2000
AVNW,Russell2000
AVO,Russell2000
AVPT,Russell2000
AVTA,Russell2000
AVTE,Russell2000
AVXL,Russell2000
AVY,S&P500
AWK,S&P500
AWR,Russell2000
AX,Russell2000
AXGN,Russell2000
AXL,Russell2000
AXNX,Russell2000
AXON,S&P500
AXP,S&P500
AXSM,Russell2000
AZN,Nasdaq100
AZO,S&P500
AZZ,Russell2000
B,Russell2000
BA,S&P500
BAC,S&P500
BALL,S&P500
BALY,Russell2000
BANC,Russell2000
BAND,Russell2000
BANF,Russell2000
BANR,Russell2000
BARK,Russell2000
BASE,Russell2000
BATRA,Russell2000
BATRK,Russell2000
BAX,S&P500
BBAI,Russell2000
BBCP,Russell2000
BBIO,Russell2000
BBLNF,Russell2000
BBSI,Russell2000
BBUC,Russell2000
BBW,Russell2000
BBWI,S&P500
BBY,S&P500
BCAB,Russell2000
BCBP,Russell2000
BCC,Russell2000
BCML,Russell2000
BCO,Russell2000
BCOV,Russell2000
BCPC,Russell2000
BCRX,Russell2000
BDC,Russell2000
BDN,Russell2000
BDX,S&P500
BE,Russell2000
BEAM,Russell2000
BECN,Russell2000
BELFB,Russell2000
BEN,S&P500
BF.B,S&P500
BFC,Russell2000
BFH,Russell2000
BFLY,Russell2000
BFS,Russell2000
BFST,Russell2000
BG,S&P500
BGC,Russell2000
BGFV,Russell2000
BGS,Russell2000
BGXX,Russell2000
BH,Russell2000
BHB,Russell2000
BHE,Russell2000
BHIL,Russell2000
BHLB,Russell2000
BHR,Russell2000
BHRB,Russell2000
BHVN,Russell2000
BIG,Russell2000
BIGC,Russell2000
BIIB,S&P500
BIIB,Nasdaq100
BIO,S&P500
BIPC,Russell2000
BIRD,Russell2000
BJRI,Russell2000
BK,S&P500
BKD,Russell2000
BKE,Russell2000
BKH,Russell2000
BKKT,Russell2000
BKNG,Nasdaq100
BKNG,S&P500
BKR,Nasdaq100
BKR,S&P500
BKSY,Russell2000
BKU,Russell2000
BL,Russell2000
BLBD,Russell2000
BLDE,Russell2000
BLFS,Russell2000
BLFY,Russell2000
BLK,S&P500
BLKB,Russell2000
BLMN,Russell2000
BLNK,Russell2000
BLUE,Russell2000
BLX,Russell2000
BMBL,Russell2000
BMEA,Russell2000
BMI,Russell2000
BMRC,Russell2000
BMY,S&P500
BNL,Russell2000
BOC,Russell2000
BOH,Russell2000
BOOM,Russell2000
BOOT,Russell2000
BORR,Russell2000
BOWL,Russell2000
BOX,Russell2000
BPMC,Russell2000
BPRN,Russell2000
BR,S&P500
BRBR,Russell2000
BRBS,Russell2000
BRCC,Russell2000
BRK.B,S&P500
BRKL,Russell2000
BRO,S&P500
BRP,Russell2000
BRSP,Russell2000
BRT,Russell2000
BRY,Russell2000
BRZE,Russell2000
BSIG,Russell2000
BSRR,Russell2000
BSVN,Russell2000
BSX,S&P500
BTAI,Russell2000
BTBT,Russell2000
BTMD,Russell2000
BTU,Russell2000
BUSE,Russell2000
BV,Russell2000
BVH,Russell2000
BW,Russell2000
BWA,S&P500
BWB,Russell2000
BWFG,Russell2000
BWMN,Russell2000
BXC,Russell2000
BXMT,Russell2000
BXP,S&P500
BY,Russell2000
BYND,Russell2000
BZH,Russell2000
C,S&P500
CABA,Russell2000
CAC,Russell2000
CAD,Russell2000
CADE,Russell2000
CAG,S&P500
CAH,S&P500
CAKE,Russell2000
CAL,Russell2000
CALM,Russell2000
CALX,Russell2000
CANO,Russell2000
CARA,Russell2000
CARE,Russell2000
CARG,Russell2000
CARM,Russell2000
CARR,S&P500
CARS,Russell2000
CASH,Russell2000
CASS,Russell2000
CAT,S&P500
CATC,Russell2000
CATO,Russell2000
CATY,Russell2000
CB,S&P500
CBAN,Russell2000
CBAY,Russell2000
CBL,Russell2000
CBNK,Russell2000
CBOE,S&P500
CBRE,S&P500
CBRL,Russell2000
CBT,Russell2000
CBU,Russell2000
CBZ,Russell2000
CCB,Russell2000
CCBG,Russell2000
CCF,Russell2000
CCI,S&P500
CCL,S&P500
CCNE,Russell2000
CCO,Russell2000
CCOI,Russell2000
CCRD,Russell2000
CCRN,Russell2000
CCS,Russell2000
CCSI,Russell2000
CDAY,S&P500
CDE,Russell2000
CDLX,Russell2000
CDMO,Russell2000
CDNA,Russell2000
CDNS,Nasdaq100
CDNS,S&P500
CDRE,Russell2000
CDW,S&P500
CDXS,Russell2000
CDZI,Russell2000
CE,S&P500
CECO,Russell2000
CEG,S&P500
CEG,Nasdaq100
CEIX,Russell2000
CELC,Russell2000
CENT,Russell2000
CENTA,Russell2000
CENX,Russell2000
CERE,Russell2000
CERS,Russell2000
CEVA,Russell2000
CF,S&P500
CFB,Russell2000
CFFI,Russell2000
CFFN,Russell2000
CFG,S&P500
CGEM,Russell2000
CHCO,Russell2000
CHCT,Russell2000
CHD,S&P500
CHEF,Russell2000
CHGG,Russell2000
CHMG,Russell2000
CHRD,Russell2000
CHRS,Russell2000
CHRW,S&P500
CHS,Russell2000
CHTR,Nasdaq100
CHTR,S&P500
CHUY,Russell2000
CHX,Russell2000
CI,S&P500
CIFR,Russell2000
CIM,Russell2000
CINF,S&P500
CIO,Russell2000
CIR,Russell2000
CIVB,Russell2000
CIVI,Russell2000
CIX,Russell2000
CL,S&P500
CLAR,Russell2000
CLB,Russell2000
CLBK,Russell2000
CLDT,Russell2000
CLDX,Russell2000
CLFD,Russell2000
CLMB,Russell2000
CLNE,Russell2000
CLPR,Russell2000
CLPT,Russell2000
CLSK,Russell2000
CLW,Russell2000
CLX,S&P500
CMA,S&P500
CMAX,Russell2000
CMBM,Russell2000
CMC,Russell2000
CMCL,Russell2000
CMCO,Russell2000
CMCSA,Nasdaq100
CMCSA,S&P500
CME,S&P500
CMG,S&P500
CMI,S&P500
CMP,Russell2000
CMPO,Russell2000
CMPR,Russell2000
CMPX,Russell2000
CMRE,Russell2000
CMS,S&P500
CMT,Russell2000
CMTG,Russell2000
CMTL,Russell2000
CNC,S&P500
CNDT,Russell2000
CNK,Russell2000
CNMD,Russell2000
CNNE,Russell2000
CNO,Russell2000
CNOB,Russell2000
CNP,S&P500
CNS,Russell2000
CNSL,Russell2000
CNTY,Russell2000
CNX,Russell2000
CNXN,Russell2000
COCO,Russell2000
CODI,Russell2000
COF,S&P500
COFS,Russell2000
COGT,Russell2000
COHU,Russell2000
COKE,Russell2000
COLL,Russell2000
COMM,Russell2000
COMP,Russell2000
COO,S&P500
COOK,Russell2000
COOP,Russell2000
COP,S&P500
CORT,Russell2000
COST,Nasdaq100
COST,S&P500
COUR,Russell2000
CPB,S&P500
CPE,Russell2000
CPF,Russell2000
CPK,Russell2000
CPRT,Nasdaq100
CPRT,S&P500
CPRX,Russell2000
CPS,Russell2000
CPSI,Russell2000
CPSS,Russell2000
CPT,S&P500
CRAI,Russell2000
CRBU,Russell2000
CRC,Russell2000
CRCT,Russell2000
CRDA,Russell2000
CRDO,Russell2000
CRGE,Russell2000
CRGY,Russell2000
CRK,Russell2000
CRL,S&P500
CRM,S&P500
CRMD,Russell2000
CRMT,Russell2000
CRNC,Russell2000
CRNX,Russell2000
CRS,Russell2000
CRSR,Russell2000
CRVL,Russell2000
CRWD,Nasdaq100
CSCO,Nasdaq100
CSCO,S&P500
CSGP,S&P500
CSGP,Nasdaq100
CSGS,Russell2000
CSR,Russell2000
CSTL,Russell2000
CSTM,Russell2000
CSTR,Russell2000
CSV,Russell2000
CSWI,Russell2000
CSX,Nasdaq100
CSX,S&P500
CTAS,Nasdaq100
CTAS,S&P500
CTBI,Russell2000
CTGO,Russell2000
CTKB,Russell2000
CTLP,Russell2000
CTLT,S&P500
CTO,Russell2000
CTOS,Russell2000
CTRA,S&P500
CTRE,Russell2000
CTS,Russell2000
CTSH,S&P500
CTSH,Nasdaq100
CTVA,S&P500
CTXR,Russell2000
CUBI,Russell2000
CUE,Russell2000
CURV,Russell2000
CUTR,Russell2000
CVBF,Russell2000
CVCO,Russell2000
CVCY,Russell2000
CVGI,Russell2000
CVGW,Russell2000
CVI,Russell2000
CVLG,Russell2000
CVLT,Russell2000
CVLY,Russell2000
CVNA,Russell2000
CVRX,Russell2000
CVS,S&P500
CVX,S&P500
CWCO,Russell2000
CWH,Russell2000
CWK,Russell2000
CWST,Russell2000
CWT,Russell2000
CXM,Russell2000
CXW,Russell2000
CYH,Russell2000
CYRX,Russell2000
CYTK,Russell2000
CZFS,Russell2000
CZNC,Russell2000
CZR,S&P500
D,S&P500
DAKT,Russell2000
DAL,S&P500
DAN,Russell2000
DAWN,Russell2000
DBI,Russell2000
DBRG,Russell2000
DC,Russell2000
DCGO,Russell2000
DCO,Russell2000
DCOM,Russell2000
DCPH,Russell2000
DD,S&P500
DDD,Russell2000
DDOG,Nasdaq100
DDS,Russell2000
DE,S&P500
DEA,Russell2000
DEI,Russell2000
DEN,Russell2000
DENN,Russell2000
DFH,Russell2000
DFIN,Russell2000
DFLI,Russell2000
DFS,S&P500
DG,S&P500
DGICA,Russell2000
DGII,Russell2000
DGX,S&P500
DH,Russell2000
DHC,Russell2000
DHI,S&P500
DHIL,Russell2000
DHR,S&P500
DHT,Russell2000
DHX,Russell2000
DICE,Russell2000
DIN,Russell2000
DIOD,Russell2000
DIS,S&P500
DJCO,Russell2000
DK,Russell2000
DLR,S&P500
DLTH,Russell2000
DLTR,Nasdaq100
DLTR,S&P500
DLX,Russell2000
DM,Russell2000
DMRC,Russell2000
DNLI,Russell2000
DNMR,Russell2000
DNOW,Russell2000
DNUT,Russell2000
DO,Russell2000
DOC,Russell2000
DOCN,Russell2000
DOLE,Russell2000
DOMO,Russell2000
DOOR,Russell2000
DORM,Russell2000
DOUG,Russell2000
DOV,S&P500
DOW,S&P500
DPZ,S&P500
DRH,Russell2000
DRI,S&P500
DRQ,Russell2000
DRS,Russell2000
DSGN,Russell2000
DSGR,Russell2000
DSKE,Russell2000
DSP,Russell2000
DTC,Russell2000
DTE,S&P500
DUK,S&P500
DUOL,Russell2000
DVA,S&P500
DVAX,Russell2000
DVN,S&P500
DX,Russell2000
DXC,S&P500
DXCM,S&P500
DXCM,Nasdaq100
DXLG,Russell2000
DXPE,Russell2000
DY,Russell2000
DYN,Russell2000
DZSI,Russell2000
EA,S&P500
EA,Nasdaq100
EAF,Russell2000
EAT,Russell2000
EB,Russell2000
EBAY,S&P500
EBAY,Nasdaq100
EBC,Russell2000
EBF,Russell2000
EBIX,Russell2000
EBS,Russell2000
EBTC,Russell2000
ECL,S&P500
ECPG,Russell2000
ECVT,Russell2000
ED,S&P500
EDIT,Russell2000
EE,Russell2000
EEX,Russell2000
EFC,Russell2000
EFSC,Russell2000
EFX,S&P500
EG,S&P500
EGAN,Russell2000
EGBN,Russell2000
EGHT,Russell2000
EGLE,Russell2000
EGRX,Russell2000
EGY,Russell2000
EHAB,Russell2000
EHTH,Russell2000
EIG,Russell2000
EIX,S&P500
EL,S&P500
ELA,Russell2000
ELF,Russell2000
ELME,Russell2000
ELV,S&P500
ELVN,Russell2000
EMBC,Russell2000
EMN,S&P500
EMR,S&P500
ENFN,Russell2000
ENPH,Nasdaq100
ENPH,S&P500
ENR,Russell2000
ENS,Russell2000
ENSG,Russell2000
ENTA,Russell2000
ENV,Russell2000
ENVA,Russell2000
ENVX,Russell2000
EOG,S&P500
EOLS,Russell2000
EOSE,Russell2000
EP,Russell2000
EPAC,Russell2000
EPAM,S&P500
EPC,Russell2000
EPM,Russell2000
EPRT,Russell2000
EQBK,Russell2000
EQC,Russell2000
EQIX,S&P500
EQR,S&P500
EQRX,Russell2000
EQT,S&P500
ERAS,Russell2000
ERII,Russell2000
ES,S&P500
ESCA,Russell2000
ESE,Russell2000
ESGR,Russell2000
ESMT,Russell2000
ESNT,Russell2000
ESQ,Russell2000
ESRT,Russell2000
ESS,S&P500
ESSA,Russell2000
ESTE,Russell2000
ETD,Russell2000
ETN,S&P500
ETNB,Russell2000
ETR,S&P500
ETRN,Russell2000
ETSY,S&P500
ETWO,Russell2000
EU,Russell2000
EVA,Russell2000
EVBG,Russell2000
EVBN,Russell2000
EVC,Russell2000
EVCM,Russell2000
EVER,Russell2000
EVEX,Russell2000
EVGO,Russell2000
EVH,Russell2000
EVI,Russell2000
EVLV,Russell2000
EVRG,S&P500
EVRI,Russell2000
EVTC,Russell2000
EW,S&P500
EWCZ,Russell2000
EWTX,Russell2000
EXC,S&P500
EXC,Nasdaq100
EXFY,Russell2000
EXLS,Russell2000
EXPD,S&P500
EXPE,S&P500
EXPI,Russell2000
EXPO,Russell2000
EXR,S&P500
EXTR,Russell2000
EYE,Russell2000
EYEN,Russell2000
EYPT,Russell2000
F,S&P500
FA,Russell2000
FANG,Nasdaq100
FANG,S&P500
FARO,Russell2000
FAST,S&P500
FAST,Nasdaq100
FATE,Russell2000
FBIZ,Russell2000
FBK,Russell2000
FBMS,Russell2000
FBNC,Russell2000
FBP,Russell2000
FBRT,Russell2000
FC,Russell2000
FCBC,Russell2000
FCCO,Russell2000
FCEL,Russell2000
FCF,Russell2000
FCFS,Russell2000
FCPT,Russell2000
FCX,S&P500
FDBC,Russell2000
FDMT,Russell2000
FDP,Russell2000
FDS,S&P500
FDX,S&P500
FE,S&P500
FEAM,Russell2000
FELE,Russell2000
FENC,Russell2000
FET,Russell2000
FF,Russell2000
FFBC,Russell2000
FFIC,Russell2000
FFIN,Russell2000
FFIV,S&P500
FFWM,Russell2000
FG,Russell2000
FGEN,Russell2000
FHTX,Russell2000
FI,S&P500
FIBK,Russell2000
FICO,S&P500
FIGS,Russell2000
FIP,Russell2000
FIS,S&P500
FISI,Russell2000
FITB,S&P500
FIX,Russell2000
FIZZ,Russell2000
FL,Russell2000
FLGT,Russell2000
FLIC,Russell2000
FLL,Russell2000
FLNC,Russell2000
FLNG,Russell2000
FLR,Russell2000
FLT,S&P500
FLWS,Russell2000
FLYW,Russell2000
FMAO,Russell2000
FMBH,Russell2000
FMC,S&P500
FMNB,Russell2000
FN,Russell2000
FNA,Russell2000
FNKO,Russell2000
FNLC,Russell2000
FOA,Russell2000
FOCS,Russell2000
FOLD,Russell2000
FOR,Russell2000
FORG,Russell2000
FORM,Russell2000
FORR,Russell2000
FOSL,Russell2000
FOX,S&P500
FOXA,S&P500
FOXF,Russell2000
FPI,Russell2000
FRBA,Russell2000
FRG,Russell2000
FRGE,Russell2000
FRGI,Russell2000
FRME,Russell2000
FRPH,Russell2000
FRSH,Russell2000
FRST,Russell2000
FRT,S&P500
FSBC,Russell2000
FSBW,Russell2000
FSLR,S&P500
FSLY,Russell2000
FSR,Russell2000
FSS,Russell2000
FTAI,Russell2000
FTCI,Russell2000
FTDR,Russell2000
FTNT,S&P500
FTNT,Nasdaq100
FTV,S&P500
FUBO,Russell2000
FUL,Russell2000
FULT,Russell2000
FVCB,Russell2000
FWRD,Russell2000
FWRG,Russell2000
GABC,Russell2000
GAMB,Russell2000
GATX,Russell2000
GBCI,Russell2000
GBIO,Russell2000
GBTG,Russell2000
GBX,Russell2000
GCBC,Russell2000
GCI,Russell2000
GCMG,Russell2000
GCO,Russell2000
GD,S&P500
GDEN,Russell2000
GDOT,Russell2000
GDYN,Russell2000
GE,S&P500
GEF,Russell2000
GEFB,Russell2000
GEHC,Nasdaq100
GEHC,S&P500
GEN,S&P500
GENC,Russell2000
GEO,Russell2000
GERN,Russell2000
GES,Russell2000
GEVO,Russell2000
GFF,Russell2000
GFS,Nasdaq100
GH,Russell2000
GHC,Russell2000
GIC,Russell2000
GIII,Russell2000
GILD,S&P500
GILD,Nasdaq100
GIS,S&P500
GKOS,Russell2000
GL,S&P500
GLDD,Russell2000
GLNG,Russell2000
GLRE,Russell2000
GLT,Russell2000
GLUE,Russell2000
GLW,S&P500
GM,S&P500
GMRE,Russell2000
GMS,Russell2000
GNE,Russell2000
GNK,Russell2000
GNL,Russell2000
GNLX,Russell2000
GNRC,S&P500
GNTY,Russell2000
GNW,Russell2000
GOCO,Russell2000
GOGL,Russell2000
GOGO,Russell2000
GOLF,Russell2000
GOOD,Russell2000
GOOG,S&P500
GOOG,Nasdaq100
GOOGL,S&P500
GOOGL,Nasdaq100
GPC,S&P500
GPI,Russell2000
GPMT,Russell2000
GPN,S&P500
GPOR,Russell2000
GPRE,Russell2000
GPRO,Russell2000
GRBK,Russell2000
GRC,Russell2000
GRMN,S&P500
GRND,Russell2000
GRNT,Russell2000
GRPH,Russell2000
GRTS,Russell2000
GRWG,Russell2000
GS,S&P500
GSAT,Russell2000
GSBC,Russell2000
GSHD,Russell2000
GT,Russell2000
GTLS,Russell2000
GTN,Russell2000
GTXI,Russell2000
GTY,Russell2000
GVA,Russell2000
GWH,Russell2000
GWRS,Russell2000
GWW,S&P500
HA,Russell2000
HAE,Russell2000
HAFC,Russell2000
HAIN,Russell2000
HAL,S&P500
HALO,Russell2000
HAS,S&P500
HASI,Russell2000
HAYN,Russell2000
HBAN,S&P500
HBCP,Russell2000
HBI,Russell2000
HBIO,Russell2000
HBNC,Russell2000
HBT,Russell2000
HCA,S&P500
HCAT,Russell2000
HCC,Russell2000
HCCI,Russell2000
HCI,Russell2000
HCKT,Russell2000
HCSG,Russell2000
HD,S&P500
HDSN,Russell2000
HEAR,Russell2000
HEES,Russell2000
HELE,Russell2000
HES,S&P500
HFFG,Russell2000
HFWA,Russell2000
HGV,Russell2000
HI,Russell2000
HIBB,Russell2000
HIFS,Russell2000
HIG,S&P500
HII,S&P500
HIMS,Russell2000
HIPO,Russell2000
HL,Russell2000
HLF,Russell2000
HLIO,Russell2000
HLIT,Russell2000
HLLY,Russell2000
HLMN,Russell2000
HLNE,Russell2000
HLT,S&P500
HLVX,Russell2000
HLX,Russell2000
HMN,Russell2000
HMPT,Russell2000
HMST,Russell2000
HNI,Russell2000
HNRG,Russell2000
HOFT,Russell2000
HOLX,S&P500
HOMB,Russell2000
HON,S&P500
HON,Nasdaq100
HONE,Russell2000
HOPE,Russell2000
HOUS,Russell2000
HOV,Russell2000
HP,Russell2000
HPE,S&P500
HPK,Russell2000
HPP,Russell2000
HPQ,S&P500
HQI,Russell2000
HQY,Russell2000
HRI,Russell2000
HRL,S&P500
HRMY,Russell2000
HROW,Russell2000
HRT,Russell2000
HRTX,Russell2000
HSHP,Russell2000
HSIC,S&P500
HSII,Russell2000
HST,S&P500
HSTM,Russell2000
HSY,S&P500
HT,Russell2000
HTBI,Russell2000
HTBK,Russell2000
HTH,Russell2000
HTLD,Russell2000
HTLF,Russell2000
HUBG,Russell2000
HUM,S&P500
HUMA,Russell2000
HURN,Russell2000
HVT,Russell2000
HWC,Russell2000
HWKN,Russell2000
HWM,S&P500
HY,Russell2000
HYLN,Russell2000
HZO,Russell2000
IAS,Russell2000
IAUX,Russell2000
IBCP,Russell2000
IBEX,Russell2000
IBM,S&P500
IBOC,Russell2000
IBP,Russell2000
IBRX,Russell2000
IBTX,Russell2000
ICE,S&P500
ICFI,Russell2000
ICHR,Russell2000
ICPT,Russell2000
ICVX,Russell2000
IDCC,Russell2000
IDT,Russell2000
IDXX,S&P500
IDXX,Nasdaq100
IDYA,Russell2000
IE,Russell2000
IESC,Russell2000
IEX,S&P500
IFF,S&P500
IGMS,Russell2000
IGT,Russell2000
IHRT,Russell2000
III,Russell2000
IIIN,Russell2000
IIIV,Russell2000
IIPR,Russell2000
IKNA,Russell2000
ILMN,Nasdaq100
ILMN,S&P500
IMAX,Russell2000
IMGN,Russell2000
IMKTA,Russell2000
IMMR,Russell2000
IMRX,Russell2000
IMVT,Russell2000
IMXI,Russell2000
INBX,Russell2000
INCY,S&P500
INDB,Russell2000
INDI,Russell2000
INFN,Russell2000
INFU,Russell2000
INGN,Russell2000
INMD,Russell2000
INN,Russell2000
INNV,Russell2000
INOD,Russell2000
INSE,Russell2000
INSM,Russell2000
INST,Russell2000
INSW,Russell2000
INTA,Russell2000
INTC,Nasdaq100
INTC,S&P500
INTT,Russell2000
INTU,Nasdaq100
INTU,S&P500
INVA,Russell2000
INVH,S&P500
INZY,Russell2000
IONQ,Russell2000
IOSP,Russell2000
IOVA,Russell2000
IP,S&P500
IPAR,Russell2000
IPG,S&P500
IPI,Russell2000
IPSC,Russell2000
IQV,S&P500
IR,S&P500
IRBT,Russell2000
IRM,S&P500
IRMD,Russell2000
IRON,Russell2000
IRT,Russell2000
IRTC,Russell2000
IRWD,Russell2000
ISRG,S&P500
ISRG,Nasdaq100
IT,S&P500
ITCI,Russell2000
ITGR,Russell2000
ITI,Russell2000
ITIC,Russell2000
ITOS,Russell2000
ITRI,Russell2000
ITW,S&P500
IVAC,Russell2000
IVR,Russell2000
IVT,Russell2000
IVZ,S&P500
J,S&P500
JACK,Russell2000
JAKK,Russell2000
JAMF,Russell2000
JANX,Russell2000
JBGS,Russell2000
JBHT,S&P500
JBI,Russell2000
JBLU,Russell2000
JBSS,Russell2000
JBT,Russell2000
JCI,S&P500
JD,Nasdaq100
JELD,Russell2000
JILL,Russell2000
JJSF,Russell2000
JKHY,S&P500
JMSB,Russell2000
JNJ,S&P500
JNPR,S&P500
JOBY,Russell2000
JOE,Russell2000
JOUT,Russell2000
JPM,S&P500
JRVR,Russell2000
JXN,Russell2000
JYNT,Russell2000
K,S&P500
KAI,Russell2000
KALU,Russell2000
KALV,Russell2000
KAMN,Russell2000
KAR,Russell2000
KBH,Russell2000
KDNY,Russell2000
KDP,S&P500
KDP,Nasdaq100
KE,Russell2000
KELYA,Russell2000
KEY,S&P500
KEYS,S&P500
KFRC,Russell2000
KFS,Russell2000
KFY,Russell2000
KHC,Nasdaq100
KHC,S&P500
KIDS,Russell2000
KIM,S&P500
KIND,Russell2000
KLAC,S&P500
KLAC,Nasdaq100
KLIC,Russell2000
KLTR,Russell2000
KLXE,Russell2000
KMB,S&P500
KMI,S&P500
KMT,Russell2000
KMX,S&P500
KN,Russell2000
KNF,Russell2000
KNSA,Russell2000
KNTK,Russell2000
KO,S&P500
KOD,Russell2000
KODK,Russell2000
KOP,Russell2000
KOS,Russell2000
KPTI,Russell2000
KR,S&P500
KREF,Russell2000
KRG,Russell2000
KRMD,Russell2000
KRNY,Russell2000
KRO,Russell2000
KROS,Russell2000
KRT,Russell2000
KRUS,Russell2000
KRYS,Russell2000
KTB,Russell2000
KTOS,Russell2000
KURA,Russell2000
KVHI,Russell2000
KW,Russell2000
KWR,Russell2000
KYMR,Russell2000
KZR,Russell2000
L,S&P500
LADR,Russell2000
LANC,Russell2000
LAND,Russell2000
LASR,Russell2000
LAUR,Russell2000
LAW,Russell2000
LAZR,Russell2000
LAZY,Russell2000
LBAI,Russell2000
LBC,Russell2000
LBPH,Russell2000
LBRT,Russell2000
LC,Russell2000
LCID,Nasdaq100
LCII,Russell2000
LCNB,Russell2000
LCTX,Russell2000
LDOS,S&P500
LE,Russell2000
LEGH,Russell2000
LEN,S&P500
LESL,Russell2000
LEU,Russell2000
LFST,Russell2000
LGFA,Russell2000
LGFB,Russell2000
LGIH,Russell2000
LGND,Russell2000
LH,S&P500
LHX,S&P500
LICY,Russell2000
LILA,Russell2000
LILAK,Russell2000
LIN,S&P500
LINC,Russell2000
LIND,Russell2000
LIVN,Russell2000
LKFN,Russell2000
LKQ,S&P500
LLAP,Russell2000
LLY,S&P500
LMAT,Russell2000
LMB,Russell2000
LMND,Russell2000
LMNR,Russell2000
LMT,S&P500
LNC,S&P500
LNN,Russell2000
LNT,S&P500
LNTH,Russell2000
LNW,Russell2000
LNZA,Russell2000
LOB,Russell2000
LOCL,Russell2000
LOCO,Russell2000
LOVE,Russell2000
LOW,S&P500
LPG,Russell2000
LPRO,Russell2000
LPSN,Russell2000
LPTV,Russell2000
LQDA,Russell2000
LQDT,Russell2000
LRCX,Nasdaq100
LRCX,S&P500
LRMR,Russell2000
LRN,Russell2000
LSEA,Russell2000
LTC,Russell2000
LTH,Russell2000
LTHM,Russell2000
LULU,Nasdaq100
LUMN,Russell2000
LUNA,Russell2000
LUNG,Russell2000
LUV,S&P500
LVOX,Russell2000
LVS,S&P500
LVWR,Russell2000
LW,S&P500
LWLG,Russell2000
LXFR,Russell2000
LXP,Russell2000
LXRX,Russell2000
LXU,Russell2000
LYB,S&P500
LYEL,Russell2000
LYTS,Russell2000
LYV,S&P500
LZ,Russell2000
LZB,Russell2000
MA,S&P500
MAA,S&P500
MAC,Russell2000
MACK,Russell2000
MAR,S&P500
MAR,Nasdaq100
MARA,Russell2000
MAS,S&P500
MASS,Russell2000
MATV,Russell2000
MATW,Russell2000
MATX,Russell2000
MAX,Russell2000
MAXN,Russell2000
MBC,Russell2000
MBCN,Russell2000
MBI,Russell2000
MBIN,Russell2000
MBUU,Russell2000
MBWM,Russell2000
MC,Russell2000
MCB,Russell2000
MCBC,Russell2000
MCBS,Russell2000
MCD,S&P500
MCFT,Russell2000
MCHP,S&P500
MCHP,Nasdaq100
MCK,S&P500
MCO,S&P500
MCRB,Russell2000
MCRI,Russell2000
MCS,Russell2000
MCY,Russell2000
MD,Russell2000
MDC,Russell2000
MDGL,Russell2000
MDLZ,S&P500
MDLZ,Nasdaq100
MDRX,Russell2000
MDT,S&P500
MDXG,Russell2000
ME,Russell2000
MEC,Russell2000
MED,Russell2000
MEG,Russell2000
MEI,Russell2000
MELI,Nasdaq100
MET,S&P500
META,S&P500
META,Nasdaq100
METCB,Russell2000
METCV,Russell2000
MFA,Russell2000
MG,Russell2000
MGEE,Russell2000
MGM,S&P500
MGNI,Russell2000
MGNX,Russell2000
MGPI,Russell2000
MGRC,Russell2000
MGTX,Russell2000
MGY,Russell2000
MHK,S&P500
MHLD,Russell2000
MHO,Russell2000
MIR,Russell2000
MIRM,Russell2000
MITK,Russell2000
MKC,S&P500
MKTW,Russell2000
MKTX,S&P500
MLAB,Russell2000
MLI,Russell2000
MLKN,Russell2000
MLM,S&P500
MLNK,Russell2000
MLP,Russell2000
MLR,Russell2000
MLYS,Russell2000
MMC,S&P500
MMI,Russell2000
MMM,S&P500
MMS,Russell2000
MMSI,Russell2000
MNKD,Russell2000
MNRO,Russell2000
MNSB,Russell2000
MNST,Nasdaq100
MNST,S&P500
MNTK,Russell2000
MO,S&P500
MOD,Russell2000
MODG,Russell2000
MODN,Russell2000
MODV,Russell2000
MOFG,Russell2000
MOGA,Russell2000
MOH,S&P500
MOND,Russell2000
MORF,Russell2000
MOS,S&P500
MOV,Russell2000
MPB,Russell2000
MPC,S&P500
MPLN,Russell2000
MPWR,S&P500
MPX,Russell2000
MQ,Russell2000
MRC,Russell2000
MRK,S&P500
MRNA,Nasdaq100
MRNA,S&P500
MRNS,Russell2000
MRO,S&P500
MRSN,Russell2000
MRTN,Russell2000
MRVL,Nasdaq100
MS,S&P500
MSBI,Russell2000
MSCI,S&P500
MSEX,Russell2000
MSFT,S&P500
MSFT,Nasdaq100
MSFUT,Russell2000
MSGE,Russell2000
MSI,S&P500
MSTR,Russell2000
MTB,S&P500
MTCH,S&P500
MTD,S&P500
MTDR,Russell2000
MTH,Russell2000
MTRN,Russell2000
MTSI,Russell2000
MTTR,Russell2000
MTW,Russell2000
MTX,Russell2000
MU,Nasdaq100
MU,S&P500
MUR,Russell2000
MVBF,Russell2000
MVIS,Russell2000
MVST,Russell2000
MWA,Russell2000
MXCT,Russell2000
MXL,Russell2000
MYE,Russell2000
MYFW,Russell2000
MYGN,Russell2000
MYPS,Russell2000
MYRG,Russell2000
NABL,Russell2000
NAPA,Russell2000
NARI,Russell2000
NAT,Russell2000
NATH,Russell2000
NATR,Russell2000
NAUT,Russell2000
NAVI,Russell2000
NBHC,Russell2000
NBN,Russell2000
NBR,Russell2000
NBTB,Russell2000
NC,Russell2000
NCLH,S&P500
NDAQ,S&P500
NDLS,Russell2000
NDSN,S&P500
NE,Russell2000
NECB,Russell2000
NEE,S&P500
NEM,S&P500
NEO,Russell2000
NEOG,Russell2000
NETI,Russell2000
NEWT,Russell2000
NEX,Russell2000
NEXT,Russell2000
NFBK,Russell2000
NFLX,Nasdaq100
NFLX,S&P500
NG,Russell2000
NGM,Russell2000
NGVC,Russell2000
NGVT,Russell2000
NHC,Russell2000
NHI,Russell2000
NI,S&P500
NIC,Russell2000
NJR,Russell2000
NKE,S&P500
NKLA,Russell2000
NKSH,Russell2000
NKTX,Russell2000
NL,Russell2000
NMIH,Russell2000
NMRK,Russell2000
NN,Russell2000
NNI,Russell2000
NNOX,Russell2000
NOC,S&P500
NODK,Russell2000
NOG,Russell2000
NOTE,Russell2000
NOVA,Russell2000
NOVT,Russell2000
NOW,S&P500
NPK,Russell2000
NPO,Russell2000
NR,Russell2000
NRC,Russell2000
NRDS,Russell2000
NRDY,Russell2000
NREF,Russell2000
NRG,S&P500
NRGV,Russell2000
NRIM,Russell2000
NRIX,Russell2000
NSC,S&P500
NSIT,Russell2000
NSP,Russell2000
NSSC,Russell2000
NSTG,Russell2000
NTAP,S&P500
NTB,Russell2000
NTCT,Russell2000
NTGR,Russell2000
NTLA,Russell2000
NTRS,S&P500
NTST,Russell2000
NUE,S&P500
NUS,Russell2000
NUVA,Russell2000
NUVB,Russell2000
NUVL,Russell2000
NVAX,Russell2000
NVCT,Russell2000
NVDA,S&P500
NVDA,Nasdaq100
NVEC,Russell2000
NVEE,Russell2000
NVR,S&P500
NVRI,Russell2000
NVRO,Russell2000
NVTA,Russell2000
NVTS,Russell2000
NWBI,Russell2000
NWE,Russell2000
NWFL,Russell2000
NWL,S&P500
NWLI,Russell2000
NWN,Russell2000
NWPX,Russell2000
NWS,S&P500
NWSA,S&P500
NX,Russell2000
NXDT,Russell2000
NXGN,Russell2000
NXPI,S&P500
NXPI,Nasdaq100
NXRT,Russell2000
NXT,Russell2000
NYMT,Russell2000
O,S&P500
OABI,Russell2000
OB,Russell2000
OBIO,Russell2000
OBK,Russell2000
OBT,Russell2000
OCEA,Russell2000
OCFC,Russell2000
OCN,Russell2000
OCUL,Russell2000
ODC,Russell2000
ODFL,Nasdaq100
ODFL,S&P500
ODP,Russell2000
OEC,Russell2000
OFC,Russell2000
OFG,Russell2000
OFIX,Russell2000
OFLX,Russell2000
OGN,S&P500
OGS,Russell2000
OI,Russell2000
OII,Russell2000
OIS,Russell2000
OKE,S&P500
OLMA,Russell2000
OLO,Russell2000
OLP,Russell2000
OM,Russell2000
OMC,S&P500
OMCL,Russell2000
OMER,Russell2000
OMGA,Russell2000
OMI,Russell2000
ON,S&P500
ON,Nasdaq100
ONB,Russell2000
ONEW,Russell2000
ONL,Russell2000
ONTF,Russell2000
ONTO,Russell2000
OOMA,Russell2000
OPCH,Russell2000
OPEN,Russell2000
OPFI,Russell2000
OPI,Russell2000
OPK,Russell2000
OPRX,Russell2000
OPTN,Russell2000
ORA,Russell2000
ORC,Russell2000
ORCL,S&P500
ORGN,Russell2000
ORGO,Russell2000
ORIC,Russell2000
ORLY,Nasdaq100
ORLY,S&P500
ORRF,Russell2000
OSBC,Russell2000
OSCR,Russell2000
OSG,Russell2000
OSIS,Russell2000
OSPN,Russell2000
OSTK,Russell2000
OSUR,Russell2000
OSW,Russell2000
OTIS,S&P500
OTLK,Russell2000
OTTR,Russell2000
OUT,Russell2000
OVID,Russell2000
OVLY,Russell2000
OXM,Russell2000
OXY,S&P500
P5N994,Russell2000
PACB,Russell2000
PACK,Russell2000
PACW,Russell2000
PAGS,Russell2000
PAHC,Russell2000
PANL,Russell2000
PANW,S&P500
PANW,Nasdaq100
PAR,Russell2000
PARA,S&P500
PARR,Russell2000
PATK,Russell2000
PAX,Russell2000
PAYC,S&P500
PAYO,Russell2000
PAYS,Russell2000
PAYX,S&P500
PAYX,Nasdaq100
PBF,Russell2000
PBFS,Russell2000
PBH,Russell2000
PBI,Russell2000
PBPB,Russell2000
PCAR,Nasdaq100
PCAR,S&P500
PCB,Russell2000
PCG,S&P500
PCH,Russell2000
PCRX,Russell2000
PCT,Russell2000
PCVX,Russell2000
PCYO,Russell2000
PD,Russell2000
PDCO,Russell2000
PDD,Nasdaq100
PDFS,Russell2000
PDLB,Russell2000
PDLI,Russell2000
PDM,Russell2000
PDSB,Russell2000
PEAK,S&P500
PEB,Russell2000
PEBO,Russell2000
PECO,Russell2000
PEG,S&P500
PEP,S&P500
PEP,Nasdaq100
PEPG,Russell2000
PETQ,Russell2000
PETS,Russell2000
PFBC,Russell2000
PFC,Russell2000
PFE,S&P500
PFG,S&P500
PFIS,Russell2000
PFMT,Russell2000
PFS,Russell2000
PFSI,Russell2000
PG,S&P500
PGC,Russell2000
PGEN,Russell2000
PGNY,Russell2000
PGR,S&P500
PGRE,Russell2000
PGTI,Russell2000
PH,S&P500
PHAT,Russell2000
PHM,S&P500
PHR,Russell2000
PI,Russell2000
PIII,Russell2000
PINE,Russell2000
PIPR,Russell2000
PJT,Russell2000
PKBK,Russell2000
PKE,Russell2000
PKG,S&P500
PKOH,Russell2000
PKST,Russell2000
PL,Russell2000
PLAB,Russell2000
PLAY,Russell2000
PLBC,Russell2000
PLCE,Russell2000
PLD,S&P500
PLL,Russell2000
PLM,Russell2000
PLMR,Russell2000
PLOW,Russell2000
PLPC,Russell2000
PLRX,Russell2000
PLSE,Russell2000
PLUS,Russell2000
PLX,Russell2000
PLXS,Russell2000
PLYM,Russell2000
PM,S&P500
PMT,Russell2000
PMTS,Russell2000
PMVP,Russell2000
PNC,S&P500
PNM,Russell2000
PNR,S&P500
PNRG,Russell2000
PNT,Russell2000
PNTG,Russell2000
PNW,S&P500
PODD,S&P500
POOL,S&P500
POR,Russell2000
POWI,Russell2000
POWL,Russell2000
POWW,Russell2000
PPBI,Russell2000
PPG,S&P500
PPL,S&P500
PPTA,Russell2000
PR,Russell2000
PRA,Russell2000
PRAA,Russell2000
PRCT,Russell2000
PRDO,Russell2000
PRFT,Russell2000
PRG,Russell2000
PRGS,Russell2000
PRIM,Russell2000
PRK,Russell2000
PRLB,Russell2000
PRLD,Russell2000
PRM,Russell2000
PRME,Russell2000
PRMW,Russell2000
PRO,Russell2000
PROK,Russell2000
PRPL,Russell2000
PRST,Russell2000
PRTA,Russell2000
PRTH,Russell2000
PRTS,Russell2000
PRU,S&P500
PRVA,Russell2000
PSA,S&P500
PSFE,Russell2000
PSMT,Russell2000
PSN,Russell2000
PSTL,Russell2000
PSTX,Russell2000
PSX,S&P500
PTC,S&P500
PTCT,Russell2000
PTEN,Russell2000
PTGX,Russell2000
PTLO,Russell2000
PTRA,Russell2000
PTSI,Russell2000
PTVE,Russell2000
PUBM,Russell2000
PUMP,Russell2000
PWOD,Russell2000
PWP,Russell2000
PWR,S&P500
PWSC,Russell2000
PX,Russell2000
PXD,S&P500
PYPL,Nasdaq100
PYPL,S&P500
PZZA,Russell2000
QCOM,Nasdaq100
QCOM,S&P500
QCRH,Russell2000
QIPT,Russell2000
QLYS,Russell2000
QNST,Russell2000
QRVO,S&P500
QSI,Russell2000
QTRX,Russell2000
QTWO,Russell2000
QUAD,Russell2000
QUOT,Russell2000
RADI,Russell2000
RAIN,Russell2000
RAMP,Russell2000
RAPT,Russell2000
RBB,Russell2000
RBBN,Russell2000
RBCAA,Russell2000
RBOT,Russell2000
RC,Russell2000
RCEL,Russell2000
RCKT,Russell2000
RCKY,Russell2000
RCL,S&P500
RCUS,Russell2000
RDFN,Russell2000
RDN,Russell2000
RDNT,Russell2000
RDVT,Russell2000
RDW,Russell2000
REFI,Russell2000
REG,S&P500
REGN,Nasdaq100
REGN,S&P500
REI,Russell2000
RELL,Russell2000
RELY,Russell2000
RENT,Russell2000
REPL,Russell2000
REPX,Russell2000
RES,Russell2000
RETA,Russell2000
REVG,Russell2000
REX,Russell2000
REZI,Russell2000
RF,S&P500
RGCO,Russell2000
RGNX,Russell2000
RGP,Russell2000
RGR,Russell2000
RHI,S&P500
RHP,Russell2000
RICK,Russell2000
RIGL,Russell2000
RILY,Russell2000
RIOT,Russell2000
RJF,S&P500
RKLB,Russell2000
RL,S&P500
RLAY,Russell2000
RLGT,Russell2000
RLJ,Russell2000
RLYB,Russell2000
RM,Russell2000
RMAX,Russell2000
RMBS,Russell2000
RMD,S&P500
RMNI,Russell2000
RMR,Russell2000
RNA,Russell2000
RNGR,Russell2000
RNST,Russell2000
ROAD,Russell2000
ROCK,Russell2000
ROG,Russell2000
ROIC,Russell2000
ROK,S&P500
ROL,S&P500
ROP,S&P500
ROST,S&P500
ROST,Nasdaq100
ROVR,Russell2000
RPAY,Russell2000
RPD,Russell2000
RPHM,Russell2000
RPT,Russell2000
RRBI,Russell2000
RRGB,Russell2000
RRR,Russell2000
RSG,S&P500
RSI,Russell2000
RSVR,Russell2000
RTL,Russell2000
RTX,S&P500
RTYU3,Russell2000
RUSHA,Russell2000
RUSHB,Russell2000
RVLV,Russell2000
RVMD,Russell2000
RVNC,Russell2000
RVTY,S&P500
RWT,Russell2000
RXO,Russell2000
RXRX,Russell2000
RXST,Russell2000
RXT,Russell2000
RYAM,Russell2000
RYI,Russell2000
RYTM,Russell2000
SABR,Russell2000
SAFE,Russell2000
SAFT,Russell2000
SAGE,Russell2000
SAH,Russell2000
SAMG,Russell2000
SANA,Russell2000
SANM,Russell2000
SASR,Russell2000
SATS,Russell2000
SAVA,Russell2000
SAVE,Russell2000
SB,Russell2000
SBAC,S&P500
SBCF,Russell2000
SBGI,Russell2000
SBH,Russell2000
SBOW,Russell2000
SBRA,Russell2000
SBSI,Russell2000
SBT,Russell2000
SBUX,Nasdaq100
SBUX,S&P500
SCHL,Russell2000
SCHN,Russell2000
SCHW,S&P500
SCL,Russell2000
SCLX,Russell2000
SCPH,Russell2000
SCS,Russell2000
SCSC,Russell2000
SCU,Russell2000
SCVL,Russell2000
SCWO,Russell2000
SD,Russell2000
SDGR,Russell2000
SDRL,Russell2000
SEAS,Russell2000
SEAT,Russell2000
SEDG,S&P500
SEE,S&P500
SEER,Russell2000
SELB,Russell2000
SEM,Russell2000
SEMR,Russell2000
SENEA,Russell2000
SES,Russell2000
SFBS,Russell2000
SFIX,Russell2000
SFL,Russell2000
SFM,Russell2000
SFNC,Russell2000
SFST,Russell2000
SG,Russell2000
SGEN,Nasdaq100
SGH,Russell2000
SGHC,Russell2000
SGHT,Russell2000
SGMO,Russell2000
SGRY,Russell2000
SHAK,Russell2000
SHBI,Russell2000
SHCR,Russell2000
SHEN,Russell2000
SHLS,Russell2000
SHO,Russell2000
SHOO,Russell2000
SHW,S&P500
SHYF,Russell2000
SIBN,Russell2000
SIG,Russell2000
SIGA,Russell2000
SIGI,Russell2000
SILK,Russell2000
SIRI,Nasdaq100
SITC,Russell2000
SITM,Russell2000
SIX,Russell2000
SJM,S&P500
SJW,Russell2000
SKIL,Russell2000
SKIN,Russell2000
SKT,Russell2000
SKWD,Russell2000
SKY,Russell2000
SKYT,Russell2000
SKYW,Russell2000
SKYX,Russell2000
SLAB,Russell2000
SLB,S&P500
SLCA,Russell2000
SLDP,Russell2000
SLG,Russell2000
SLGC,Russell2000
SLP,Russell2000
SLQT,Russell2000
SLVM,Russell2000
SM,Russell2000
SMBC,Russell2000
SMBK,Russell2000
SMCI,Russell2000
SMHI,Russell2000
SMLR,Russell2000
SMMF,Russell2000
SMMT,Russell2000
SMP,Russell2000
SMPL,Russell2000
SMR,Russell2000
SMRT,Russell2000
SMTC,Russell2000
SMTI,Russell2000
SNA,S&P500
SNBR,Russell2000
SNCY,Russell2000
SNDX,Russell2000
SNEX,Russell2000
SNFCA,Russell2000
SNPO,Russell2000
SNPS,Nasdaq100
SNPS,S&P500
SO,S&P500
SOI,Russell2000
SONO,Russell2000
SOUN,Russell2000
SOVO,Russell2000
SP,Russell2000
SPCE,Russell2000
SPFI,Russell2000
SPG,S&P500
SPGI,S&P500
SPHR,Russell2000
SPNS,Russell2000
SPNT,Russell2000
SPOK,Russell2000
SPRY,Russell2000
SPSC,Russell2000
SPT,Russell2000
SPTN,Russell2000
SPWH,Russell2000
SPWR,Russell2000
SPXC,Russell2000
SQSP,Russell2000
SR,Russell2000
SRCE,Russell2000
SRDX,Russell2000
SRE,S&P500
SRI,Russell2000
SRRK,Russell2000
SSB,Russell2000
SSBK,Russell2000
SSD,Russell2000
SSP,Russell2000
SST,Russell2000
SSTI,Russell2000
SSTK,Russell2000
STAA,Russell2000
STBA,Russell2000
STC,Russell2000
STE,S&P500
STEL,Russell2000
STEM,Russell2000
STEP,Russell2000
STER,Russell2000
STGW,Russell2000
STHO,Russell2000
STKL,Russell2000
STKS,Russell2000
STLD,S&P500
STNE,Russell2000
STNG,Russell2000
STOK,Russell2000
STR,Russell2000
STRA,Russell2000
STRL,Russell2000
STRO,Russell2000
STRS,Russell2000
STT,S&P500
STX,S&P500
STZ,S&P500
SUM,Russell2000
SUPN,Russell2000
SVC,Russell2000
SVRA,Russell2000
SWBI,Russell2000
SWI,Russell2000
SWIM,Russell2000
SWK,S&P500
SWKH,Russell2000
SWKS,S&P500
SWTX,Russell2000
SWX,Russell2000
SXC,Russell2000
SXI,Russell2000
SXT,Russell2000
SYBT,Russell2000
SYF,S&P500
SYK,S&P500
SYNA,Russell2000
SYY,S&P500
T,S&P500
TALO,Russell2000
TAP,S&P500
TARO,Russell2000
TARS,Russell2000
TAST,Russell2000
TBBK,Russell2000
TBI,Russell2000
TBPH,Russell2000
TCBI,Russell2000
TCBK,Russell2000
TCBX,Russell2000
TCI,Russell2000
TCMD,Russell2000
TCX,Russell2000
TDG,S&P500
TDS,Russell2000
TDUP,Russell2000
TDW,Russell2000
TDY,S&P500
TEAM,Nasdaq100
TECH,S&P500
TEL,S&P500
TELA,Russell2000
TELL,Russell2000
TENB,Russell2000
TER,S&P500
TERN,Russell2000
TEX,Russell2000
TFC,S&P500
TFIN,Russell2000
TFX,S&P500
TG,Russell2000
TGAN,Russell2000
TGH,Russell2000
TGI,Russell2000
TGNA,Russell2000
TGT,S&P500
TGTX,Russell2000
TH,Russell2000
THFF,Russell2000
THR,Russell2000
THRD,Russell2000
THRM,Russell2000
THRN,Russell2000
THRX,Russell2000
THRY,Russell2000
THS,Russell2000
TILE,Russell2000
TIO,Russell2000
TIPT,Russell2000
TITN,Russell2000
TJX,S&P500
TK,Russell2000
TLYS,Russell2000
TMCI,Russell2000
TMDX,Russell2000
TMHC,Russell2000
TMO,S&P500
TMP,Russell2000
TMST,Russell2000
TMUS,Nasdaq100
TMUS,S&P500
TNC,Russell2000
TNET,Russell2000
TNGX,Russell2000
TNK,Russell2000
TNYA,Russell2000
TOWN,Russell2000
TPB,Russell2000
TPC,Russell2000
TPH,Russell2000
TPIC,Russell2000
TPR,S&P500
TRC,Russell2000
TRDA,Russell2000
TREE,Russell2000
TRGP,S&P500
TRMB,S&P500
TRMK,Russell2000
TRN,Russell2000
TRNO,Russell2000
TRNS,Russell2000
TROW,S&P500
TROX,Russell2000
TRS,Russell2000
TRST,Russell2000
TRTN,Russell2000
TRTX,Russell2000
TRUE,Russell2000
TRUP,Russell2000
TRV,S&P500
TRVI,Russell2000
TSBK,Russell2000
TSCO,S&P500
TSE,Russell2000
TSLA,S&P500
TSLA,Nasdaq100
TSN,S&P500
TSP,Russell2000
TSQ,Russell2000
TSVT,Russell2000
TT,S&P500
TTD,Nasdaq100
TTEC,Russell2000
TTGT,Russell2000
TTI,Russell2000
TTMI,Russell2000
TTSH,Russell2000
TTWO,S&P500
TUSK,Russell2000
TVTX,Russell2000
TWI,Russell2000
TWKS,Russell2000
TWNK,Russell2000
TWO,Russell2000
TWOU,Russell2000
TWST,Russell2000
TXN,S&P500
TXN,Nasdaq100
TXT,S&P500
TYL,S&P500
TYRA,Russell2000
UAL,S&P500
UBA,Russell2000
UBSI,Russell2000
UCBI,Russell2000
UCTT,Russell2000
UDMY,Russell2000
UDR,S&P500
UE,Russell2000
UEC,Russell2000
UFCS,Russell2000
UFPI,Russell2000
UFPT,Russell2000
UHG,Russell2000
UHS,S&P500
UHT,Russell2000
UIHC,Russell2000
UIS,Russell2000
ULCC,Russell2000
ULH,Russell2000
ULTA,S&P500
UMBF,Russell2000
UMH,Russell2000
UNF,Russell2000
UNFI,Russell2000
UNH,S&P500
UNIT,Russell2000
UNP,S&P500
UNTY,Russell2000
UONE,Russell2000
UONEK,Russell2000
UPBD,Russell2000
UPS,S&P500
UPST,Russell2000
UPWK,Russell2000
URBN,Russell2000
URGN,Russell2000
URI,S&P500
USB,S&P500
USCB,Russell2000
USD,Russell2000
USLM,Russell2000
USNA,Russell2000
USPH,Russell2000
UTI,Russell2000
UTL,Russell2000
UTMD,Russell2000
UTZ,Russell2000
UUUU,Russell2000
UVE,Russell2000
UVSP,Russell2000
UVV,Russell2000
V,S&P500
VABK,Russell2000
VAL,Russell2000
VALU,Russell2000
VATE,Russell2000
VAXX,Russell2000
VBTX,Russell2000
VC,Russell2000
VCEL,Russell2000
VCTR,Russell2000
VCYT,Russell2000
VECO,Russell2000
VEL,Russell2000
VERA,Russell2000
VERI,Russell2000
VERV,Russell2000
VFC,S&P500
VGAS,Russell2000
VGR,Russell2000
VHI,Russell2000
VIAV,Russell2000
VICI,S&P500
VICR,Russell2000
VIGL,Russell2000
VIR,Russell2000
VITL,Russell2000
VKTX,Russell2000
VLD,Russell2000
VLGEA,Russell2000
VLO,S&P500
VLY,Russell2000
VMC,S&P500
VMD,Russell2000
VMEO,Russell2000
VNDA,Russell2000
VOR,Russell2000
VOXX,Russell2000
VPG,Russell2000
VRA,Russell2000
VRCA,Russell2000
VRDN,Russell2000
VRE,Russell2000
VREX,Russell2000
VRNS,Russell2000
VRNT,Russell2000
VRRM,Russell2000
VRSK,Nasdaq100
VRSK,S&P500
VRSN,S&P500
VRTS,Russell2000
VRTV,Russell2000
VRTX,S&P500
VRTX,Nasdaq100
VSEC,Russell2000
VSH,Russell2000
VSTO,Russell2000
VTLE,Russell2000
VTNR,Russell2000
VTOL,Russell2000
VTR,S&P500
VTRS,S&P500
VTS,Russell2000
VTYX,Russell2000
VUZI,Russell2000
VVI,Russell2000
VVX,Russell2000
VYGR,Russell2000
VZ,S&P500
VZIO,Russell2000
WAB,S&P500
WABC,Russell2000
WAFD,Russell2000
WALD,Russell2000
WASH,Russell2000
WAT,S&P500
WBA,S&P500
WBA,Nasdaq100
WBD,S&P500
WBD,Nasdaq100
WD,Russell2000
WDAY,Nasdaq100
WDC,S&P500
WDFC,Russell2000
WEAV,Russell2000
WEC,S&P500
WELL,S&P500
WERN,Russell2000
WEST,Russell2000
WEYS,Russell2000
WFC,S&P500
WFRD,Russell2000
WGO,Russell2000
WHD,Russell2000
WHR,S&P500
WINA,Russell2000
WIRE,Russell2000
WISH,Russell2000
WK,Russell2000
WKC,Russell2000
WKHS,Russell2000
WLDN,Russell2000
WLFC,Russell2000
WLLAW,Russell2000
WLLBW,Russell2000
WLY,Russell2000
WM,S&P500
WMB,S&P500
WMK,Russell2000
WMT,S&P500
WNC,Russell2000
WOR,Russell2000
WOW,Russell2000
WRB,S&P500
WRBY,Russell2000
WRK,S&P500
WRLD,Russell2000
WSBC,Russell2000
WSBF,Russell2000
WSFS,Russell2000
WSR,Russell2000
WST,S&P500
WT,Russell2000
WTBA,Russell2000
WTI,Russell2000
WTS,Russell2000
WTTR,Russell2000
WTW,S&P500
WULF,Russell2000
WVE,Russell2000
WW,Russell2000
WWW,Russell2000
WY,S&P500
WYNN,S&P500
XAIR,Russell2000
XEL,S&P500
XEL,Nasdaq100
XERS,Russell2000
XFOR,Russell2000
XHR,Russell2000
XMTR,Russell2000
XNCR,Russell2000
XOM,S&P500
XOMA,Russell2000
XPEL,Russell2000
XPER,Russell2000
XPOF,Russell2000
XPRO,Russell2000
XRAY,S&P500
XRX,Russell2000
XTSLA,Russell2000
XYL,S&P500
YELP,Russell2000
YEXT,Russell2000
YMAB,Russell2000
YORW,Russell2000
YOU,Russell2000
YUM,S&P500
ZBH,S&P500
ZBRA,S&P500
ZD,Russell2000
ZETA,Russell2000
ZEUS,Russell2000
ZIMV,Russell2000
ZION,S&P500
ZIP,Russell2000
ZM,Nasdaq100
ZNTL,Russell2000
ZS,Nasdaq100
ZTS,S&P500
ZUMZ,Russell2000
ZUO,Russell2000
ZURA,Russell2000
ZVIA,Russell2000
ZVRA,Russell2000
ZWS,Russell2000
ZYME,Russell2000
ZYXI,Russell2000
